id,palabra,frecuencia,categoria,fecha,periodo,score_trending
13,anuncia,1,Deportes,2025-09-11T21:28:45.406795,diario,0.0
14,salida,1,Deportes,2025-09-11T21:28:45.413359,diario,0.0
15,óscar,3,Deportes,2025-09-11T21:28:45.419403,diario,0.0
2,rendimiento,2,Deportes,2025-09-11T18:18:28.534553,diario,0.0
64,nueva,2,Economía,2025-09-11T21:28:46.231042,diario,0.0
4,historia,2,Deportes,2025-09-11T18:18:28.541141,diario,0.0
38,nacional,2,Deportes,2025-09-11T21:28:45.898534,diario,0.0
7,cierra,2,Deportes,2025-09-11T18:18:28.552548,diario,0.0
74,perú,2,Economía,2025-09-11T21:28:46.337389,diario,0.0
16,ibáñez,4,Deportes,2025-09-11T21:28:45.423635,diario,0.0
84,brasil,4,Deportes,2025-09-11T21:28:46.434687,diario,0.0
5,mundial,5,Deportes,2025-09-11T18:18:28.544946,diario,0.0
18,sobre,2,Deportes,2025-09-11T21:28:45.580808,diario,0.0
19,paso,1,Deportes,2025-09-11T21:28:45.586775,diario,0.0
11,inperú,2,Economía,2025-09-11T18:18:28.711757,diario,0.0
12,cierre,2,Economía,2025-09-11T18:18:28.714140,diario,0.0
1,eliminatorias,6,Deportes,2025-09-11T18:18:28.531675,diario,0.0
22,nunca,1,Deportes,2025-09-11T21:28:45.705117,diario,0.0
23,sido,1,Deportes,2025-09-11T21:28:45.710078,diario,0.0
24,richard,1,Deportes,2025-09-11T21:28:45.763612,diario,0.0
25,pellejero,1,Deportes,2025-09-11T21:28:45.769716,diario,0.0
26,sport,1,Deportes,2025-09-11T21:28:45.777123,diario,0.0
27,huancayo,1,Deportes,2025-09-11T21:28:45.783501,diario,0.0
28,objetivo,1,Deportes,2025-09-11T21:28:45.788521,diario,0.0
29,liga,1,Deportes,2025-09-11T21:28:45.825486,diario,0.0
31,atlético,1,Deportes,2025-09-11T21:28:45.835831,diario,0.0
32,refuerza,1,Deportes,2025-09-11T21:28:45.840658,diario,0.0
33,franchesco,1,Deportes,2025-09-11T21:28:45.846203,diario,0.0
34,arequipeño,1,Deportes,2025-09-11T21:28:45.876911,diario,0.0
36,medalla,1,Deportes,2025-09-11T21:28:45.887352,diario,0.0
37,campeonato,1,Deportes,2025-09-11T21:28:45.892106,diario,0.0
39,torneo,1,Deportes,2025-09-11T21:28:45.931562,diario,0.0
40,senior,1,Deportes,2025-09-11T21:28:45.937667,diario,0.0
41,máster,1,Deportes,2025-09-11T21:28:45.941304,diario,0.0
42,super,1,Deportes,2025-09-11T21:28:45.946783,diario,0.0
43,etapa,1,Deportes,2025-09-11T21:28:45.951542,diario,0.0
44,junín,1,Deportes,2025-09-11T21:28:45.982554,diario,0.0
45,claretiano,1,Deportes,2025-09-11T21:28:45.988421,diario,0.0
46,gelicich,1,Deportes,2025-09-11T21:28:45.993824,diario,0.0
47,pasan,1,Deportes,2025-09-11T21:28:45.999945,diario,0.0
48,macrorregional,1,Deportes,2025-09-11T21:28:46.006378,diario,0.0
49,dólar,1,Economía,2025-09-11T21:28:46.048069,diario,0.0
50,debilita,1,Economía,2025-09-11T21:28:46.053584,diario,0.0
51,ayer,1,Economía,2025-09-11T21:28:46.059720,diario,0.0
52,cerró,1,Economía,2025-09-11T21:28:46.065725,diario,0.0
53,s3480,1,Economía,2025-09-11T21:28:46.071933,diario,0.0
54,desde,1,Economía,2025-09-11T21:28:46.117594,diario,0.0
55,2028,1,Economía,2025-09-11T21:28:46.122715,diario,0.0
56,trabajadores,1,Economía,2025-09-11T21:28:46.127966,diario,0.0
57,independientes,1,Economía,2025-09-11T21:28:46.134137,diario,0.0
58,aportarán,1,Economía,2025-09-11T21:28:46.139661,diario,0.0
59,sunat,1,Economía,2025-09-11T21:28:46.176020,diario,0.0
60,trabaja,1,Economía,2025-09-11T21:28:46.182585,diario,0.0
61,regular,1,Economía,2025-09-11T21:28:46.187874,diario,0.0
62,aporte,1,Economía,2025-09-11T21:28:46.194011,diario,0.0
63,consumo,1,Economía,2025-09-11T21:28:46.198528,diario,0.0
65,tarifa,1,Economía,2025-09-11T21:28:46.236415,diario,0.0
66,pasajeros,1,Economía,2025-09-11T21:28:46.242528,diario,0.0
67,escala,1,Economía,2025-09-11T21:28:46.248237,diario,0.0
68,internacional,1,Economía,2025-09-11T21:28:46.253310,diario,0.0
69,daniel,1,Economía,2025-09-11T21:28:46.283655,diario,0.0
70,maurate,1,Economía,2025-09-11T21:28:46.288435,diario,0.0
71,advierte,1,Economía,2025-09-11T21:28:46.293862,diario,0.0
72,riesgos,1,Economía,2025-09-11T21:28:46.298429,diario,0.0
73,retiros,1,Economía,2025-09-11T21:28:46.302678,diario,0.0
75,debe,1,Economía,2025-09-11T21:28:46.343264,diario,0.0
76,recuperar,1,Economía,2025-09-11T21:28:46.349531,diario,0.0
77,capacidad,1,Economía,2025-09-11T21:28:46.354503,diario,0.0
78,ahorro,1,Economía,2025-09-11T21:28:46.360002,diario,0.0
79,felicidad,1,Economía,2025-09-11T21:28:46.388167,diario,0.0
80,organizacional,1,Economía,2025-09-11T21:28:46.391311,diario,0.0
81,clave,1,Economía,2025-09-11T21:28:46.395166,diario,0.0
82,éxito,1,Economía,2025-09-11T21:28:46.398698,diario,0.0
83,financiero,1,Economía,2025-09-11T21:28:46.403117,diario,0.0
85,luis,1,Economía,2025-09-11T21:28:46.474090,diario,0.0
86,miguel,1,Economía,2025-09-11T21:28:46.478897,diario,0.0
87,castilla,1,Economía,2025-09-11T21:28:46.482752,diario,0.0
88,exministro,1,Economía,2025-09-11T21:28:46.488053,diario,0.0
89,economía,1,Economía,2025-09-11T21:28:46.493299,diario,0.0
90,competirán,1,Economía,2025-09-11T21:28:46.533802,diario,0.0
91,bancos,1,Economía,2025-09-11T21:28:46.537435,diario,0.0
92,cajas,1,Economía,2025-09-11T21:28:46.542598,diario,0.0
93,cooperativas,1,Economía,2025-09-11T21:28:46.547254,diario,0.0
94,aseguradoras,1,Economía,2025-09-11T21:28:46.551232,diario,0.0
6,pierde,3,Deportes,2025-09-11T18:18:28.548119,diario,0.0
8,perú,6,Deportes,2025-09-11T18:18:28.554485,diario,0.0
3,paraguay,3,Deportes,2025-09-11T18:18:28.539460,diario,0.0
20,carlos,3,Deportes,2025-09-11T21:28:45.685316,diario,0.0
21,zambrano,2,Deportes,2025-09-11T21:28:45.694026,diario,0.0
35,gana,2,Deportes,2025-09-11T21:28:45.882130,diario,0.0
10,2026,4,Deportes,2025-09-11T18:18:28.560847,diario,0.0
17,selección,5,Deportes,2025-09-11T21:28:45.426450,diario,0.0
99,pido,1,Espectáculos,2025-09-11T21:28:46.597237,diario,0.0
97,rompe,2,Espectáculos,2025-09-11T21:28:46.587255,diario,0.0
113,christian,3,Espectáculos,2025-09-11T21:28:46.825716,diario,0.0
100,agrado,1,Espectáculos,2025-09-11T21:28:46.634849,diario,0.0
104,cantante,1,Espectáculos,2025-09-11T21:28:46.697868,diario,0.0
105,salsa,1,Espectáculos,2025-09-11T21:28:46.704160,diario,0.0
106,parte,1,Espectáculos,2025-09-11T21:28:46.710264,diario,0.0
107,dejar,1,Espectáculos,2025-09-11T21:28:46.715652,diario,0.0
109,lafourcade,1,Espectáculos,2025-09-11T21:28:46.762077,diario,0.0
110,transmitirá,1,Espectáculos,2025-09-11T21:28:46.769447,diario,0.0
111,concierto,1,Espectáculos,2025-09-11T21:28:46.774891,diario,0.0
112,este,1,Espectáculos,2025-09-11T21:28:46.780145,diario,0.0
114,yaipén,1,Espectáculos,2025-09-11T21:28:46.831185,diario,0.0
115,tras,1,Espectáculos,2025-09-11T21:28:46.836391,diario,0.0
116,debut,1,Espectáculos,2025-09-11T21:28:46.842537,diario,0.0
117,hijo,1,Espectáculos,2025-09-11T21:28:46.847826,diario,0.0
118,fito,1,Espectáculos,2025-09-11T21:28:46.915102,diario,0.0
119,páez,1,Espectáculos,2025-09-11T21:28:46.921816,diario,0.0
120,decepcionado,1,Espectáculos,2025-09-11T21:28:46.928623,diario,0.0
121,público,1,Espectáculos,2025-09-11T21:28:46.936117,diario,0.0
122,limeño,1,Espectáculos,2025-09-11T21:28:46.943898,diario,0.0
123,said,1,Espectáculos,2025-09-11T21:28:46.992708,diario,0.0
124,palao,1,Espectáculos,2025-09-11T21:28:46.997408,diario,0.0
125,sufre,1,Espectáculos,2025-09-11T21:28:47.002526,diario,0.0
126,terrible,1,Espectáculos,2025-09-11T21:28:47.007619,diario,0.0
127,accidente,1,Espectáculos,2025-09-11T21:28:47.012551,diario,0.0
128,alejandro,1,Espectáculos,2025-09-11T21:28:47.042304,diario,0.0
129,sanz,1,Espectáculos,2025-09-11T21:28:47.048017,diario,0.0
130,regresa,1,Espectáculos,2025-09-11T21:28:47.054215,diario,0.0
131,lima,1,Espectáculos,2025-09-11T21:28:47.059430,diario,0.0
132,cantar,1,Espectáculos,2025-09-11T21:28:47.064983,diario,0.0
133,yiddá,1,Espectáculos,2025-09-11T21:28:47.102382,diario,0.0
134,eslava,1,Espectáculos,2025-09-11T21:28:47.108173,diario,0.0
135,descarta,1,Espectáculos,2025-09-11T21:28:47.113752,diario,0.0
136,producir,1,Espectáculos,2025-09-11T21:28:47.119205,diario,0.0
137,otra,1,Espectáculos,2025-09-11T21:28:47.124612,diario,0.0
108,natalia,2,Espectáculos,2025-09-11T21:28:46.756174,diario,0.0
138,fiscalía,1,Espectáculos,2025-09-11T21:28:47.152431,diario,0.0
139,solicita,1,Espectáculos,2025-09-11T21:28:47.157452,diario,0.0
140,prisión,1,Espectáculos,2025-09-11T21:28:47.164020,diario,0.0
141,efectiva,1,Espectáculos,2025-09-11T21:28:47.169624,diario,0.0
144,francisco,1,Mundo,2025-09-11T21:28:47.226023,diario,0.0
145,maracaibo,1,Mundo,2025-09-11T21:28:47.231725,diario,0.0
146,alarma,1,Mundo,2025-09-11T21:28:47.236948,diario,0.0
148,otorgará,1,Mundo,2025-09-11T21:28:47.274739,diario,0.0
149,póstumamente,1,Mundo,2025-09-11T21:28:47.280579,diario,0.0
150,medalla,1,Mundo,2025-09-11T21:28:47.285596,diario,0.0
151,libertad,1,Mundo,2025-09-11T21:28:47.288846,diario,0.0
143,explosión,2,Mundo,2025-09-11T21:28:47.220317,diario,0.0
152,méxico,1,Mundo,2025-09-11T21:28:47.324718,diario,0.0
153,camión,1,Mundo,2025-09-11T21:28:47.336963,diario,0.0
154,deja,1,Mundo,2025-09-11T21:28:47.342917,diario,0.0
155,tres,1,Mundo,2025-09-11T21:28:47.348325,diario,0.0
156,eeuu,1,Mundo,2025-09-11T21:28:47.384750,diario,0.0
157,arrestado,1,Mundo,2025-09-11T21:28:47.390335,diario,0.0
158,tiroteo,1,Mundo,2025-09-11T21:28:47.395892,diario,0.0
95,maju,3,Espectáculos,2025-09-11T21:28:46.578917,diario,0.0
162,fallecimiento,1,Mundo,2025-09-11T21:28:47.493827,diario,0.0
147,trump,5,Mundo,2025-09-11T21:28:47.268224,diario,0.0
96,mantilla,6,Espectáculos,2025-09-11T21:28:46.583670,diario,0.0
101,gustavo,9,Espectáculos,2025-09-11T21:28:46.640525,diario,0.0
165,aliado,1,Mundo,2025-09-11T21:28:47.578389,diario,0.0
166,recibe,1,Mundo,2025-09-11T21:28:47.592657,diario,0.0
168,cerca,1,Mundo,2025-09-11T21:28:47.645842,diario,0.0
169,detenidos,1,Mundo,2025-09-11T21:28:47.650602,diario,0.0
170,protestas,1,Mundo,2025-09-11T21:28:47.659342,diario,0.0
167,francia,2,Mundo,2025-09-11T21:28:47.639764,diario,0.0
172,amaneció,1,Mundo,2025-09-11T21:28:47.745375,diario,0.0
173,bloqueos,1,Mundo,2025-09-11T21:28:47.750813,diario,0.0
174,enfrentamientos,1,Mundo,2025-09-11T21:28:47.756286,diario,0.0
175,jornada,1,Mundo,2025-09-11T21:28:47.767308,diario,0.0
176,qatar,1,Mundo,2025-09-11T21:28:47.838687,diario,0.0
177,asegura,1,Mundo,2025-09-11T21:28:47.844656,diario,0.0
179,israelí,1,Mundo,2025-09-11T21:28:47.855546,diario,0.0
102,salcedo,9,Espectáculos,2025-09-11T21:28:46.645892,diario,0.0
161,confirma,2,Mundo,2025-09-11T21:28:47.487137,diario,0.0
171,contra,2,Mundo,2025-09-11T21:28:47.668709,diario,0.0
103,gutiérrez,2,Espectáculos,2025-09-11T21:28:46.693914,diario,0.0
98,silencio,3,Espectáculos,2025-09-11T21:28:46.592457,diario,0.0
142,venezuela,2,Mundo,2025-09-11T21:28:47.215041,diario,0.0
181,copa,3,Deportes,2025-09-11T21:28:47.887798,diario,0.0
178,ataque,2,Mundo,2025-09-11T21:28:47.849527,diario,0.0
180,hamás,2,Mundo,2025-09-11T21:28:47.861080,diario,0.0
182,sudamericana,3,Deportes,2025-09-11T21:28:47.891294,diario,0.0
159,charlie,5,Mundo,2025-09-11T21:28:47.402303,diario,0.0
160,kirk,4,Mundo,2025-09-11T21:28:47.408698,diario,0.0
163,activista,3,Mundo,2025-09-11T21:28:47.500905,diario,0.0
164,conservador,2,Mundo,2025-09-11T21:28:47.508770,diario,0.0
185,anunció,1,Deportes,2025-09-11T21:28:47.906548,diario,0.0
187,flores,1,Deportes,2025-09-11T21:28:47.941409,diario,0.0
188,curioso,1,Deportes,2025-09-11T21:28:47.949240,diario,0.0
189,comentario,1,Deportes,2025-09-11T21:28:47.956725,diario,0.0
190,conmovedor,1,Deportes,2025-09-11T21:28:48.026082,diario,0.0
191,emotiva,1,Deportes,2025-09-11T21:28:48.031912,diario,0.0
192,arenga,1,Deportes,2025-09-11T21:28:48.037475,diario,0.0
193,lampe,1,Deportes,2025-09-11T21:28:48.049640,diario,0.0
194,presentó,1,Deportes,2025-09-11T21:28:48.087602,diario,0.0
186,edison,2,Deportes,2025-09-11T21:28:47.936906,diario,0.0
197,universitario,1,Deportes,2025-09-11T21:28:48.126329,diario,0.0
198,deportes,1,Deportes,2025-09-11T21:28:48.128622,diario,0.0
199,álex,1,Deportes,2025-09-11T21:28:48.132671,diario,0.0
200,valera,1,Deportes,2025-09-11T21:28:48.136668,diario,0.0
201,partidos,1,Deportes,2025-09-11T21:28:48.166906,diario,0.0
203,jueves,1,Deportes,2025-09-11T21:28:48.174433,diario,0.0
204,septiembre,1,Deportes,2025-09-11T21:28:48.176448,diario,0.0
205,horarios,1,Deportes,2025-09-11T21:28:48.181272,diario,0.0
208,hacer,1,Deportes,2025-09-11T21:28:48.213848,diario,0.0
210,estamos,1,Deportes,2025-09-11T21:28:48.221254,diario,0.0
211,convocará,1,Deportes,2025-09-11T21:28:48.249629,diario,0.0
213,respondió,1,Deportes,2025-09-11T21:28:48.258007,diario,0.0
214,regreso,1,Deportes,2025-09-11T21:28:48.263124,diario,0.0
215,marcelo,1,Deportes,2025-09-11T21:28:48.265764,diario,0.0
216,seis,1,Economía,2025-09-11T21:28:48.285688,diario,0.0
217,regiones,1,Economía,2025-09-11T21:28:48.291022,diario,0.0
218,concentran,1,Economía,2025-09-11T21:28:48.294996,diario,0.0
219,gasto,1,Economía,2025-09-11T21:28:48.299642,diario,0.0
220,turismo,1,Economía,2025-09-11T21:28:48.303748,diario,0.0
221,desilú,1,Economía,2025-09-11T21:28:48.328681,diario,0.0
222,león,1,Economía,2025-09-11T21:28:48.332362,diario,0.0
223,titular,1,Economía,2025-09-11T21:28:48.336069,diario,0.0
224,mincetur,1,Economía,2025-09-11T21:28:48.340743,diario,0.0
225,cadena,1,Economía,2025-09-11T21:28:48.342195,diario,0.0
226,inperu,1,Economía,2025-09-11T21:28:48.366171,diario,0.0
227,confirma,1,Economía,2025-09-11T21:28:48.369864,diario,0.0
228,interés,1,Economía,2025-09-11T21:28:48.373218,diario,0.0
229,inversionistas,1,Economía,2025-09-11T21:28:48.376377,diario,0.0
230,extranjeros,1,Economía,2025-09-11T21:28:48.377702,diario,0.0
231,mercedes,1,Economía,2025-09-11T21:28:48.405105,diario,0.0
232,aráoz,1,Economía,2025-09-11T21:28:48.409577,diario,0.0
233,pesar,1,Economía,2025-09-11T21:28:48.413276,diario,0.0
234,vaivenes,1,Economía,2025-09-11T21:28:48.418088,diario,0.0
235,políticos,1,Economía,2025-09-11T21:28:48.419789,diario,0.0
236,pérez,1,Economía,2025-09-11T21:28:48.444881,diario,0.0
237,reyes,1,Economía,2025-09-11T21:28:48.447249,diario,0.0
239,obligación,1,Economía,2025-09-11T21:28:48.453578,diario,0.0
240,estado,1,Economía,2025-09-11T21:28:48.457059,diario,0.0
241,castellanos,1,Economía,2025-09-11T21:28:48.485086,diario,0.0
242,sobre,1,Economía,2025-09-11T21:28:48.488008,diario,0.0
244,pensiones,1,Economía,2025-09-11T21:28:48.495982,diario,0.0
245,medidas,1,Economía,2025-09-11T21:28:48.500801,diario,0.0
246,común,1,Economía,2025-09-11T21:28:48.525550,diario,0.0
247,denominador,1,Economía,2025-09-11T21:28:48.529031,diario,0.0
248,estrella,1,Economía,2025-09-11T21:28:48.536085,diario,0.0
249,región,1,Economía,2025-09-11T21:28:48.538630,diario,0.0
250,wall,1,Economía,2025-09-11T21:28:48.565208,diario,0.0
251,street,1,Economía,2025-09-11T21:28:48.569815,diario,0.0
252,abre,1,Economía,2025-09-11T21:28:48.575358,diario,0.0
253,verde,1,Economía,2025-09-11T21:28:48.579073,diario,0.0
254,pese,1,Economía,2025-09-11T21:28:48.583754,diario,0.0
255,ofrece,1,Mundo,2025-09-11T21:28:48.613250,diario,0.0
256,recompensa,1,Mundo,2025-09-11T21:28:48.618348,diario,0.0
257,hasta,1,Mundo,2025-09-11T21:28:48.622566,diario,0.0
258,dólares,1,Mundo,2025-09-11T21:28:48.626888,diario,0.0
259,quienes,1,Mundo,2025-09-11T21:28:48.631367,diario,0.0
260,gobierno,1,Mundo,2025-09-11T21:28:48.660222,diario,0.0
261,planea,1,Mundo,2025-09-11T21:28:48.668973,diario,0.0
262,cancelar,1,Mundo,2025-09-11T21:28:48.673456,diario,0.0
263,visados,1,Mundo,2025-09-11T21:28:48.676374,diario,0.0
264,arma,1,Mundo,2025-09-11T21:28:48.706027,diario,0.0
266,rifle,1,Mundo,2025-09-11T21:28:48.724468,diario,0.0
265,asesinar,2,Mundo,2025-09-11T21:28:48.712032,diario,0.0
267,publica,1,Mundo,2025-09-11T21:28:48.752808,diario,0.0
268,fotos,1,Mundo,2025-09-11T21:28:48.757076,diario,0.0
269,sospechoso,1,Mundo,2025-09-11T21:28:48.762469,diario,0.0
270,reaccionó,1,Mundo,2025-09-11T21:28:48.805335,diario,0.0
272,tras,1,Mundo,2025-09-11T21:28:48.811959,diario,0.0
273,asesinato,1,Mundo,2025-09-11T21:28:48.815146,diario,0.0
274,empresario,1,Mundo,2025-09-11T21:28:48.845635,diario,0.0
275,disputa,1,Mundo,2025-09-11T21:28:48.848824,diario,0.0
276,elon,1,Mundo,2025-09-11T21:28:48.854297,diario,0.0
277,musk,1,Mundo,2025-09-11T21:28:48.856560,diario,0.0
202,vivo,2,Deportes,2025-09-11T21:28:48.169212,diario,0.0
212,bolivia,4,Deportes,2025-09-11T21:28:48.252272,diario,0.0
238,pensión,2,Economía,2025-09-11T21:28:48.451766,diario,0.0
271,mundo,3,Mundo,2025-09-11T21:28:48.807961,diario,0.0
195,indumentaria,2,Deportes,2025-09-11T21:28:48.091105,diario,0.0
183,2025,4,Deportes,2025-09-11T21:28:47.897080,diario,0.0
206,pedro,2,Deportes,2025-09-11T21:28:48.204863,diario,0.0
207,gallese,2,Deportes,2025-09-11T21:28:48.209337,diario,0.0
184,conmebol,5,Deportes,2025-09-11T21:28:47.902475,diario,0.0
30,alianza,9,Deportes,2025-09-11T21:28:45.830834,diario,0.0
243,reforma,2,Economía,2025-09-11T21:28:48.493079,diario,0.0
278,título,1,Mundo,2025-09-11T21:28:48.860842,diario,0.0
279,donald,1,Mundo,2025-09-11T21:28:48.888487,diario,0.0
280,homenajea,1,Mundo,2025-09-11T21:28:48.900484,diario,0.0
281,víctimas,1,Mundo,2025-09-11T21:28:48.905129,diario,0.0
282,ceremonia,1,Mundo,2025-09-11T21:28:48.910403,diario,0.0
337,septiembre,3,Mundo,2025-09-11T21:28:50.243043,diario,0.0
321,paredes,2,Espectáculos,2025-09-11T21:28:50.085448,diario,0.0
283,pordeportesserá,3,Deportes,2025-09-11T21:28:48.957355,diario,0.0
284,oficializó,3,Deportes,2025-09-11T21:28:48.974990,diario,0.0
285,cambio,3,Deportes,2025-09-11T21:28:48.980871,diario,0.0
328,hija,2,Espectáculos,2025-09-11T21:28:50.120299,diario,0.0
289,fecha,4,Deportes,2025-09-11T21:28:49.357523,diario,0.0
349,pamela,2,Espectáculos,2025-09-11T21:28:50.355647,diario,0.0
288,garcilaso,2,Deportes,2025-09-11T21:28:49.352502,diario,0.0
354,franco,2,Espectáculos,2025-09-11T21:28:50.382751,diario,0.0
196,morada,4,Deportes,2025-09-11T21:28:48.093081,diario,0.0
286,camiseta,3,Deportes,2025-09-11T21:28:49.207158,diario,0.0
287,deportivo,4,Deportes,2025-09-11T21:28:49.345985,diario,0.0
290,porespectáculosrevelan,3,Espectáculos,2025-09-11T21:28:49.468625,diario,0.0
291,pasó,3,Espectáculos,2025-09-11T21:28:49.474259,diario,0.0
306,ahora,2,Mundo,2025-09-11T21:28:49.905499,diario,0.0
293,infiel,2,Espectáculos,2025-09-11T21:28:49.669634,diario,0.0
294,embarazada,1,Mundo,2025-09-11T21:28:49.777331,diario,0.0
295,fiscalía,1,Mundo,2025-09-11T21:28:49.783402,diario,0.0
296,denuncia,1,Mundo,2025-09-11T21:28:49.794151,diario,0.0
297,abandono,1,Mundo,2025-09-11T21:28:49.800556,diario,0.0
298,bolivia,1,Mundo,2025-09-11T21:28:49.805980,diario,0.0
299,mujer,1,Mundo,2025-09-11T21:28:49.817306,diario,0.0
300,luis,1,Mundo,2025-09-11T21:28:49.822807,diario,0.0
301,arce,1,Mundo,2025-09-11T21:28:49.830933,diario,0.0
302,netanyahu,1,Mundo,2025-09-11T21:28:49.886142,diario,0.0
303,población,1,Mundo,2025-09-11T21:28:49.891266,diario,0.0
304,ciudad,1,Mundo,2025-09-11T21:28:49.896655,diario,0.0
305,llama,1,Mundo,2025-09-11T21:28:49.901943,diario,0.0
307,gaza,1,Mundo,2025-09-11T21:28:49.909946,diario,0.0
308,irse,1,Mundo,2025-09-11T21:28:49.915998,diario,0.0
309,tragedia,1,Deportes,2025-09-11T21:28:49.960049,diario,0.0
310,arquero,1,Deportes,2025-09-11T21:28:49.965300,diario,0.0
311,después,1,Deportes,2025-09-11T21:28:49.971588,diario,0.0
312,detener,1,Deportes,2025-09-11T21:28:49.975332,diario,0.0
314,futsal,1,Deportes,2025-09-11T21:28:49.990642,diario,0.0
315,muere,1,Deportes,2025-09-11T21:28:49.994898,diario,0.0
316,penal,1,Deportes,2025-09-11T21:28:49.999925,diario,0.0
317,pecho,1,Deportes,2025-09-11T21:28:50.003272,diario,0.0
318,noticias,1,Espectáculos,2025-09-11T21:28:50.049342,diario,0.0
319,últimas,1,Espectáculos,2025-09-11T21:28:50.054128,diario,0.0
322,rodrigo,1,Espectáculos,2025-09-11T21:28:50.090868,diario,0.0
324,clínica,1,Espectáculos,2025-09-11T21:28:50.099402,diario,0.0
325,junto,1,Espectáculos,2025-09-11T21:28:50.104909,diario,0.0
326,pasar,1,Espectáculos,2025-09-11T21:28:50.109861,diario,0.0
327,perú,1,Espectáculos,2025-09-11T21:28:50.114488,diario,0.0
329,cuba,1,Espectáculos,2025-09-11T21:28:50.125595,diario,0.0
330,orquesta,1,Espectáculos,2025-09-11T21:28:50.175596,diario,0.0
331,atacado,1,Espectáculos,2025-09-11T21:28:50.180462,diario,0.0
332,balazos,1,Espectáculos,2025-09-11T21:28:50.185800,diario,0.0
333,martín,1,Espectáculos,2025-09-11T21:28:50.189764,diario,0.0
334,porres,1,Espectáculos,2025-09-11T21:28:50.194868,diario,0.0
335,duke,1,Espectáculos,2025-09-11T21:28:50.201003,diario,0.0
338,sucedió,1,Mundo,2025-09-11T21:28:50.249382,diario,0.0
339,challenger,1,Deportes,2025-09-11T21:28:50.286236,diario,0.0
340,esperanza,1,Deportes,2025-09-11T21:28:50.291312,diario,0.0
341,ilusiona,1,Deportes,2025-09-11T21:28:50.294412,diario,0.0
342,campeón,1,Deportes,2025-09-11T21:28:50.299419,diario,0.0
343,sevilla,1,Deportes,2025-09-11T21:28:50.302700,diario,0.0
344,ignacio,1,Deportes,2025-09-11T21:28:50.307097,diario,0.0
345,peruano,1,Deportes,2025-09-11T21:28:50.311532,diario,0.0
346,semana,1,Deportes,2025-09-11T21:28:50.314207,diario,0.0
347,davis,1,Deportes,2025-09-11T21:28:50.317788,diario,0.0
348,tenis,1,Deportes,2025-09-11T21:28:50.321529,diario,0.0
350,reconciliación,1,Espectáculos,2025-09-11T21:28:50.359392,diario,0.0
351,inesperada,1,Espectáculos,2025-09-11T21:28:50.363451,diario,0.0
353,posible,1,Espectáculos,2025-09-11T21:28:50.377230,diario,0.0
313,partido,2,Deportes,2025-09-11T21:28:49.980871,diario,0.0
292,casa,4,Espectáculos,2025-09-11T21:28:49.479437,diario,0.0
320,melissa,2,Espectáculos,2025-09-11T21:28:50.080340,diario,0.0
352,decisión,2,Espectáculos,2025-09-11T21:28:50.373230,diario,0.0
336,efemérides,2,Mundo,2025-09-11T21:28:50.235516,diario,0.0
323,momento,2,Espectáculos,2025-09-11T21:28:50.095771,diario,0.0
356,lópez,1,Espectáculos,2025-09-11T21:28:50.391148,diario,0.0
357,toma,1,Espectáculos,2025-09-11T21:28:50.396150,diario,0.0
358,requisitos,1,Mundo,2025-09-11T21:28:50.439654,diario,0.0
359,afiliados,1,Mundo,2025-09-11T21:28:50.444704,diario,0.0
360,cobrarla,1,Mundo,2025-09-11T21:28:50.450478,diario,0.0
361,pensión,1,Mundo,2025-09-11T21:28:50.453648,diario,0.0
362,quiénes,1,Mundo,2025-09-11T21:28:50.458645,diario,0.0
363,mínima,1,Mundo,2025-09-11T21:28:50.463884,diario,0.0
364,podrán,1,Mundo,2025-09-11T21:28:50.467208,diario,0.0
365,s600,1,Mundo,2025-09-11T21:28:50.472352,diario,0.0
366,restaurante,1,Mundo,2025-09-11T21:28:50.501818,diario,0.0
367,chupándose,1,Mundo,2025-09-11T21:28:50.506531,diario,0.0
368,enamorarse,1,Mundo,2025-09-11T21:28:50.509617,diario,0.0
369,hicieron,1,Mundo,2025-09-11T21:28:50.515449,diario,0.0
371,terminó,1,Mundo,2025-09-11T21:28:50.523423,diario,0.0
372,visitó,1,Mundo,2025-09-11T21:28:50.528705,diario,0.0
373,platos,1,Mundo,2025-09-11T21:28:50.532895,diario,0.0
374,dedos,1,Mundo,2025-09-11T21:28:50.536460,diario,0.0
375,ibai,1,Mundo,2025-09-11T21:28:50.540988,diario,0.0
376,exclusivamente,1,Mundo,2025-09-11T21:28:50.578123,diario,0.0
377,municipalidad,1,Mundo,2025-09-11T21:28:50.582938,diario,0.0
378,convierte,1,Mundo,2025-09-11T21:28:50.586105,diario,0.0
379,peatonal,1,Mundo,2025-09-11T21:28:50.590994,diario,0.0
380,pizarro,1,Mundo,2025-09-11T21:28:50.596350,diario,0.0
381,damero,1,Mundo,2025-09-11T21:28:50.599276,diario,0.0
382,adiós,1,Mundo,2025-09-11T21:28:50.604025,diario,0.0
383,autos,1,Mundo,2025-09-11T21:28:50.608760,diario,0.0
384,lima,1,Mundo,2025-09-11T21:28:50.613093,diario,0.0
385,zona,1,Mundo,2025-09-11T21:28:50.618527,diario,0.0
386,tradiciones,1,Mundo,2025-09-11T21:28:50.660895,diario,0.0
387,conquistan,1,Mundo,2025-09-11T21:28:50.665556,diario,0.0
388,visitantes,1,Mundo,2025-09-11T21:28:50.668763,diario,0.0
389,inauguran,1,Mundo,2025-09-11T21:28:50.673272,diario,0.0
390,memoria,1,Mundo,2025-09-11T21:28:50.675413,diario,0.0
391,primer,1,Mundo,2025-09-11T21:28:50.680059,diario,0.0
392,museo,1,Mundo,2025-09-11T21:28:50.683244,diario,0.0
393,civil,1,Mundo,2025-09-11T21:28:50.688702,diario,0.0
394,callo,1,Mundo,2025-09-11T21:28:50.694107,diario,0.0
395,salsa,1,Mundo,2025-09-11T21:28:50.698062,diario,0.0
396,convivencia,1,Mundo,2025-09-11T21:28:50.737776,diario,0.0
397,vizcarra,1,Mundo,2025-09-11T21:28:50.742655,diario,0.0
398,castillo,1,Mundo,2025-09-11T21:28:50.748728,diario,0.0
399,prisión,1,Mundo,2025-09-11T21:28:50.754313,diario,0.0
400,frutita,1,Mundo,2025-09-11T21:28:50.759253,diario,0.0
401,martín,1,Mundo,2025-09-11T21:28:50.764133,diario,0.0
402,cuenta,1,Mundo,2025-09-11T21:28:50.765846,diario,0.0
403,invitó,1,Mundo,2025-09-11T21:28:50.770518,diario,0.0
404,pedro,1,Mundo,2025-09-11T21:28:50.776848,diario,0.0
406,supermercados,1,Mundo,2025-09-11T21:28:50.819339,diario,0.0
407,reconocida,1,Mundo,2025-09-11T21:28:50.823728,diario,0.0
408,expansión,1,Mundo,2025-09-11T21:28:50.828177,diario,0.0
409,acelera,1,Mundo,2025-09-11T21:28:50.832540,diario,0.0
410,desafía,1,Mundo,2025-09-11T21:28:50.838031,diario,0.0
412,tottus,1,Mundo,2025-09-11T21:28:50.846220,diario,0.0
413,plaza,1,Mundo,2025-09-11T21:28:50.851053,diario,0.0
414,dónde,1,Mundo,2025-09-11T21:28:50.855532,diario,0.0
415,ubica,1,Mundo,2025-09-11T21:28:50.858440,diario,0.0
411,cadena,2,Mundo,2025-09-11T21:28:50.842152,diario,0.0
416,emblemáticas,1,Mundo,2025-09-11T21:28:50.898342,diario,0.0
417,sorprende,1,Mundo,2025-09-11T21:28:50.903644,diario,0.0
418,siempre,1,Mundo,2025-09-11T21:28:50.908753,diario,0.0
419,cerrar,1,Mundo,2025-09-11T21:28:50.917274,diario,0.0
420,cines,1,Mundo,2025-09-11T21:28:50.922026,diario,0.0
421,sedes,1,Mundo,2025-09-11T21:28:50.926474,diario,0.0
422,cuál,1,Mundo,2025-09-11T21:28:50.931507,diario,0.0
370,peruano,2,Mundo,2025-09-11T21:28:50.520434,diario,0.0
423,combinación,1,Mundo,2025-09-11T21:28:50.974292,diario,0.0
424,creciente,1,Mundo,2025-09-11T21:28:50.978796,diario,0.0
425,peligrosa,1,Mundo,2025-09-11T21:28:50.980857,diario,0.0
426,anómalos,1,Mundo,2025-09-11T21:28:50.985488,diario,0.0
427,advirtió,1,Mundo,2025-09-11T21:28:50.989837,diario,0.0
428,oleajes,1,Mundo,2025-09-11T21:28:50.994914,diario,0.0
429,amenaza,1,Mundo,2025-09-11T21:28:50.999425,diario,0.0
430,litoral,1,Mundo,2025-09-11T21:28:51.004453,diario,0.0
431,marina,1,Mundo,2025-09-11T21:28:51.015058,diario,0.0
432,subterráneo,1,Mundo,2025-09-11T21:28:51.055063,diario,0.0
433,convertir,1,Mundo,2025-09-11T21:28:51.058748,diario,0.0
434,boulevard,1,Mundo,2025-09-11T21:28:51.063442,diario,0.0
435,planean,1,Mundo,2025-09-11T21:28:51.068249,diario,0.0
436,abancay,1,Mundo,2025-09-11T21:28:51.071495,diario,0.0
437,desviar,1,Mundo,2025-09-11T21:28:51.077562,diario,0.0
438,tráfico,1,Mundo,2025-09-11T21:28:51.082341,diario,0.0
439,túnel,1,Mundo,2025-09-11T21:28:51.086249,diario,0.0
440,mega,1,Mundo,2025-09-11T21:28:51.092052,diario,0.0
441,desembolso,1,Mundo,2025-09-11T21:28:51.134404,diario,0.0
442,aprueban,1,Mundo,2025-09-11T21:28:51.146439,diario,0.0
443,retiro,1,Mundo,2025-09-11T21:28:51.152357,diario,0.0
444,s26750,1,Mundo,2025-09-11T21:28:51.157133,diario,0.0
445,2025,1,Mundo,2025-09-11T21:28:51.162636,diario,0.0
446,esto,1,Mundo,2025-09-11T21:28:51.169039,diario,0.0
447,sabe,1,Mundo,2025-09-11T21:28:51.175720,diario,0.0
448,confirman,1,Deportes,2025-09-11T21:28:51.246933,diario,0.0
449,directv,1,Deportes,2025-09-11T21:28:51.252678,diario,0.0
450,canales,1,Deportes,2025-09-11T21:28:51.258323,diario,0.0
453,clasificados,1,Deportes,2025-09-11T21:28:51.342615,diario,0.0
454,advirtió,1,Deportes,2025-09-11T21:28:51.354996,diario,0.0
452,espn,2,Deportes,2025-09-11T21:28:51.276643,diario,0.0
451,chile,2,Deportes,2025-09-11T21:28:51.270326,diario,0.0
355,cueva,2,Espectáculos,2025-09-11T21:28:50.386790,diario,0.0
405,cómo,2,Mundo,2025-09-11T21:28:50.779665,diario,0.0
455,queremos,1,Deportes,2025-09-11T21:28:51.360595,diario,0.0
456,ganarle,1,Deportes,2025-09-11T21:28:51.367067,diario,0.0
457,ranking,1,Deportes,2025-09-11T21:28:51.373412,diario,0.0
458,pesar,1,Deportes,2025-09-11T21:28:51.378952,diario,0.0
459,mejor,1,Deportes,2025-09-11T21:28:51.386219,diario,0.0
461,pronóstico,1,Deportes,2025-09-11T21:28:51.493896,diario,0.0
462,apuestas,1,Deportes,2025-09-11T21:28:51.501392,diario,0.0
464,última,1,Deportes,2025-09-11T21:28:51.523833,diario,0.0
465,paga,1,Deportes,2025-09-11T21:28:51.535258,diario,0.0
466,mansiche,1,Deportes,2025-09-11T21:28:51.587260,diario,0.0
468,local,1,Deportes,2025-09-11T21:28:51.596274,diario,0.0
469,inca,1,Deportes,2025-09-11T21:28:51.610940,diario,0.0
463,cuánto,2,Deportes,2025-09-11T21:28:51.513518,diario,0.0
470,pordeportesalianza,1,Deportes,2025-09-11T21:28:51.650875,diario,0.0
471,íntimos,1,Deportes,2025-09-11T21:28:51.668329,diario,0.0
472,octubre,1,Deportes,2025-09-11T21:28:51.673657,diario,0.0
473,cuesta,1,Deportes,2025-09-11T21:28:51.689868,diario,0.0
474,usarán,1,Deportes,2025-09-11T21:28:51.696163,diario,0.0
475,eliminación,1,Deportes,2025-09-11T21:28:51.762400,diario,0.0
476,rebagliati,1,Deportes,2025-09-11T21:28:51.767271,diario,0.0
477,sarcástica,1,Deportes,2025-09-11T21:28:51.773713,diario,0.0
479,desayunos,1,Deportes,2025-09-11T21:28:51.783889,diario,0.0
480,disputan,1,Deportes,2025-09-11T21:28:51.790606,diario,0.0
481,crítica,1,Deportes,2025-09-11T21:28:51.796205,diario,0.0
482,diego,1,Deportes,2025-09-11T21:28:51.806778,diario,0.0
209,morbo,2,Deportes,2025-09-11T21:28:48.217385,diario,0.0
483,pregunta,1,Deportes,2025-09-11T21:28:51.863341,diario,0.0
484,pidieron,1,Deportes,2025-09-11T21:28:51.869174,diario,0.0
485,parche,1,Deportes,2025-09-11T21:28:51.881378,diario,0.0
486,quede,1,Deportes,2025-09-11T21:28:51.899140,diario,0.0
487,puso,1,Deportes,2025-09-11T21:28:51.914784,diario,0.0
489,denunciará,1,Deportes,2025-09-11T21:28:51.977311,diario,0.0
490,verdadero,1,Deportes,2025-09-11T21:28:51.983065,diario,0.0
491,desastre,1,Deportes,2025-09-11T21:28:51.995051,diario,0.0
492,jugar,1,Deportes,2025-09-11T21:28:52.012344,diario,0.0
493,alto,1,Deportes,2025-09-11T21:28:52.018130,diario,0.0
494,streaming,1,Deportes,2025-09-11T21:28:52.068936,diario,0.0
495,américa,1,Deportes,2025-09-11T21:28:52.074454,diario,0.0
496,señales,1,Deportes,2025-09-11T21:28:52.078548,diario,0.0
497,dónde,1,Deportes,2025-09-11T21:28:52.083861,diario,0.0
498,mirar,1,Deportes,2025-09-11T21:28:52.087517,diario,0.0
499,cómo,1,Deportes,2025-09-11T21:28:52.092487,diario,0.0
500,cali,1,Deportes,2025-09-11T21:28:52.098051,diario,0.0
501,españaturquía,1,Deportes,2025-09-11T21:28:52.140904,diario,0.0
502,rtve,1,Deportes,2025-09-11T21:28:52.154396,diario,0.0
503,independiente,1,Deportes,2025-09-11T21:28:52.191156,diario,0.0
504,atención,1,Deportes,2025-09-11T21:28:52.196317,diario,0.0
505,drástica,1,Deportes,2025-09-11T21:28:52.202146,diario,0.0
506,decisión,1,Deportes,2025-09-11T21:28:52.206085,diario,0.0
507,pondría,1,Deportes,2025-09-11T21:28:52.216006,diario,0.0
508,peligro,1,Deportes,2025-09-11T21:28:52.218845,diario,0.0
509,tomará,1,Deportes,2025-09-11T21:28:52.226076,diario,0.0
510,desconsolado,1,Deportes,2025-09-11T21:28:52.282962,diario,0.0
511,christian,1,Deportes,2025-09-11T21:28:52.286912,diario,0.0
512,eliminado,1,Deportes,2025-09-11T21:28:52.292866,diario,0.0
513,filtran,1,Deportes,2025-09-11T21:28:52.297811,diario,0.0
514,emotivo,1,Deportes,2025-09-11T21:28:52.302353,diario,0.0
515,viendo,1,Deportes,2025-09-11T21:28:52.314284,diario,0.0
516,siendo,1,Deportes,2025-09-11T21:28:52.319119,diario,0.0
517,video,1,Deportes,2025-09-11T21:28:52.325050,diario,0.0
518,cueva,1,Deportes,2025-09-11T21:28:52.331311,diario,0.0
488,condiciones,2,Deportes,2025-09-11T21:28:51.970916,diario,0.0
519,sorprendido,1,Deportes,2025-09-11T21:28:52.378824,diario,0.0
520,decisiones,1,Deportes,2025-09-11T21:28:52.390285,diario,0.0
521,uruguay,1,Deportes,2025-09-11T21:28:52.402401,diario,0.0
522,óptimas,1,Deportes,2025-09-11T21:28:52.409075,diario,0.0
523,porque,1,Deportes,2025-09-11T21:28:52.421035,diario,0.0
524,estaba,1,Deportes,2025-09-11T21:28:52.429931,diario,0.0
525,porespectáculosnovio,1,Espectáculos,2025-09-11T21:28:52.473251,diario,0.0
526,emociona,1,Espectáculos,2025-09-11T21:28:52.481008,diario,0.0
527,vamoooos,1,Espectáculos,2025-09-11T21:28:52.485825,diario,0.0
528,noticia,1,Espectáculos,2025-09-11T21:28:52.491393,diario,0.0
529,llegada,1,Espectáculos,2025-09-11T21:28:52.495817,diario,0.0
530,familia,1,Espectáculos,2025-09-11T21:28:52.500856,diario,0.0
531,jazmín,1,Espectáculos,2025-09-11T21:28:52.503321,diario,0.0
532,pinedo,1,Espectáculos,2025-09-11T21:28:52.509088,diario,0.0
533,tierna,1,Espectáculos,2025-09-11T21:28:52.514445,diario,0.0
534,muñecas,1,Espectáculos,2025-09-11T21:28:52.566013,diario,0.0
535,brilló,1,Espectáculos,2025-09-11T21:28:52.570659,diario,0.0
536,gabby,1,Espectáculos,2025-09-11T21:28:52.575281,diario,0.0
537,chicharronerías,1,Economía,2025-09-11T21:28:52.618206,diario,0.0
538,chicharrón,1,Economía,2025-09-11T21:28:52.623477,diario,0.0
539,desayunos,1,Economía,2025-09-11T21:28:52.629251,diario,0.0
541,mundial,1,Economía,2025-09-11T21:28:52.639064,diario,0.0
542,chinito,1,Economía,2025-09-11T21:28:52.644067,diario,0.0
543,crecen,1,Economía,2025-09-11T21:28:52.647923,diario,0.0
544,final,1,Economía,2025-09-11T21:28:52.652681,diario,0.0
545,otras,1,Economía,2025-09-11T21:28:52.657504,diario,0.0
546,ícono,1,Economía,2025-09-11T21:28:52.661398,diario,0.0
540,millones,2,Economía,2025-09-11T21:28:52.633874,diario,0.0
9,lima,14,Deportes,2025-09-11T18:18:28.557920,diario,0.0
467,estadio,2,Deportes,2025-09-11T21:28:51.591978,diario,0.0
460,peruana,2,Deportes,2025-09-11T21:28:51.458263,diario,0.0
478,venezuela,3,Deportes,2025-09-11T21:28:51.778991,diario,0.0
547,recomendación,1,Economía,2025-09-11T21:28:52.700596,diario,0.0
548,argentinos,1,Economía,2025-09-11T21:28:52.705121,diario,0.0
549,elecciones,1,Economía,2025-09-11T21:28:52.709512,diario,0.0
550,stanley,1,Economía,2025-09-11T21:28:52.713670,diario,0.0
551,activos,1,Economía,2025-09-11T21:28:52.717229,diario,0.0
552,morgan,1,Economía,2025-09-11T21:28:52.721952,diario,0.0
553,retira,1,Economía,2025-09-11T21:28:52.726193,diario,0.0
554,compra,1,Economía,2025-09-11T21:28:52.730700,diario,0.0
555,buenos,1,Economía,2025-09-11T21:28:52.735398,diario,0.0
556,aires,1,Economía,2025-09-11T21:28:52.739124,diario,0.0
557,pordeportesqué,1,Deportes,2025-09-11T21:28:52.776412,diario,0.0
558,resultados,1,Deportes,2025-09-11T21:28:52.784268,diario,0.0
559,colombia,1,Deportes,2025-09-11T21:28:52.793196,diario,0.0
560,sirven,1,Deportes,2025-09-11T21:28:52.797488,diario,0.0
561,empata,1,Deportes,2025-09-11T21:28:52.806829,diario,0.0
562,porespectáculospamela,1,Espectáculos,2025-09-11T21:28:52.856234,diario,0.0
563,prohibición,1,Espectáculos,2025-09-11T21:28:52.860934,diario,0.0
564,respuesta,1,Espectáculos,2025-09-11T21:28:52.867450,diario,0.0
565,conocerá,1,Espectáculos,2025-09-11T21:28:52.872281,diario,0.0
566,tajante,1,Espectáculos,2025-09-11T21:28:52.876723,diario,0.0
567,hijos,1,Espectáculos,2025-09-11T21:28:52.890945,diario,0.0
568,completamente,1,Espectáculos,2025-09-11T21:28:52.947903,diario,0.0
569,enfrentarse,1,Espectáculos,2025-09-11T21:28:52.952948,diario,0.0
571,artistas,1,Espectáculos,2025-09-11T21:28:52.965531,diario,0.0
572,leslie,1,Espectáculos,2025-09-11T21:28:52.970245,diario,0.0
573,mujer,1,Espectáculos,2025-09-11T21:28:52.974104,diario,0.0
574,feliz,1,Espectáculos,2025-09-11T21:28:52.979566,diario,0.0
575,shaw,1,Espectáculos,2025-09-11T21:28:52.983766,diario,0.0
576,creo,1,Espectáculos,2025-09-11T21:28:52.988006,diario,0.0
578,camioneta,1,Espectáculos,2025-09-11T21:28:53.022646,diario,0.0
579,descubrir,1,Espectáculos,2025-09-11T21:28:53.027392,diario,0.0
580,greissy,1,Espectáculos,2025-09-11T21:28:53.036558,diario,0.0
581,radical,1,Espectáculos,2025-09-11T21:28:53.042158,diario,0.0
582,milena,1,Espectáculos,2025-09-11T21:28:53.047102,diario,0.0
583,zárate,1,Espectáculos,2025-09-11T21:28:53.050251,diario,0.0
584,exigió,1,Espectáculos,2025-09-11T21:28:53.054939,diario,0.0
585,sierra,1,Espectáculos,2025-09-11T21:28:53.058809,diario,0.0
586,pasó,1,Mundo,2025-09-11T21:28:53.103381,diario,0.0
587,basquetbolistas,1,Deportes,2025-09-11T21:28:53.131831,diario,0.0
588,autoridades,1,Deportes,2025-09-11T21:28:53.136464,diario,0.0
589,arequipa,1,Deportes,2025-09-11T21:28:53.141408,diario,0.0
590,apoyo,1,Deportes,2025-09-11T21:28:53.146704,diario,0.0
591,regionales,1,Economía,2025-09-11T21:28:53.182002,diario,0.0
592,gobiernos,1,Economía,2025-09-11T21:28:53.186871,diario,0.0
593,ejecución,1,Economía,2025-09-11T21:28:53.191777,diario,0.0
594,tienen,1,Economía,2025-09-11T21:28:53.196176,diario,0.0
595,atraso,1,Economía,2025-09-11T21:28:53.202207,diario,0.0
596,mayor,1,Economía,2025-09-11T21:28:53.206019,diario,0.0
597,nivel,1,Economía,2025-09-11T21:28:53.211735,diario,0.0
598,obras,1,Economía,2025-09-11T21:28:53.216747,diario,0.0
599,enero,1,Economía,2025-09-11T21:28:53.221170,diario,0.0
600,junio,1,Economía,2025-09-11T21:28:53.225305,diario,0.0
601,sencillo,1,Espectáculos,2025-09-11T21:28:53.281394,diario,0.0
602,afrobeat,1,Espectáculos,2025-09-11T21:28:53.286802,diario,0.0
603,estrena,1,Espectáculos,2025-09-11T21:28:53.292423,diario,0.0
604,manuel,1,Espectáculos,2025-09-11T21:28:53.298326,diario,0.0
605,turizo,1,Espectáculos,2025-09-11T21:28:53.304114,diario,0.0
606,mírame,1,Espectáculos,2025-09-11T21:28:53.310985,diario,0.0
607,fusión,1,Espectáculos,2025-09-11T21:28:53.316826,diario,0.0
608,urbana,1,Espectáculos,2025-09-11T21:28:53.322418,diario,0.0
609,ahora,1,Espectáculos,2025-09-11T21:28:53.328507,diario,0.0
610,nuevo,1,Espectáculos,2025-09-11T21:28:53.335566,diario,0.0
611,bombardeos,1,Mundo,2025-09-11T21:28:53.394766,diario,0.0
612,dirigentes,1,Mundo,2025-09-11T21:28:53.401507,diario,0.0
613,israelíes,1,Mundo,2025-09-11T21:28:53.406925,diario,0.0
614,dirigidos,1,Mundo,2025-09-11T21:28:53.412910,diario,0.0
615,viviendas,1,Mundo,2025-09-11T21:28:53.420128,diario,0.0
616,condena,1,Mundo,2025-09-11T21:28:53.425868,diario,0.0
617,cobarde,1,Mundo,2025-09-11T21:28:53.432341,diario,0.0
618,catar,1,Mundo,2025-09-11T21:28:53.443727,diario,0.0
619,perdería,1,Deportes,2025-09-11T21:28:53.518882,diario,0.0
620,complica,1,Deportes,2025-09-11T21:28:53.525612,diario,0.0
621,shakira,1,Deportes,2025-09-11T21:28:53.550176,diario,0.0
622,final,1,Deportes,2025-09-11T21:28:53.557247,diario,0.0
623,clave,1,Deportes,2025-09-11T21:28:53.564422,diario,0.0
624,argentina,1,Deportes,2025-09-11T21:28:53.619536,diario,0.0
625,goleador,1,Deportes,2025-09-11T21:28:53.623710,diario,0.0
626,interesa,1,Deportes,2025-09-11T21:28:53.629259,diario,0.0
627,cristal,1,Deportes,2025-09-11T21:28:53.651065,diario,0.0
628,quién,1,Deportes,2025-09-11T21:28:53.656042,diario,0.0
629,marco,1,Deportes,2025-09-11T21:28:53.661830,diario,0.0
630,rivas,1,Deportes,2025-09-11T21:28:53.667730,diario,0.0
631,entrenador,1,Deportes,2025-09-11T21:28:53.724343,diario,0.0
632,vinotinto,1,Deportes,2025-09-11T21:28:53.738052,diario,0.0
633,fernando,1,Deportes,2025-09-11T21:28:53.743419,diario,0.0
634,batista,1,Deportes,2025-09-11T21:28:53.748640,diario,0.0
635,fracaso,1,Deportes,2025-09-11T21:28:53.754034,diario,0.0
636,microempresas,1,Economía,2025-09-11T21:28:53.808772,diario,0.0
637,informalidad,1,Economía,2025-09-11T21:28:53.814560,diario,0.0
638,formalidad,1,Economía,2025-09-11T21:28:53.820427,diario,0.0
639,obstáculos,1,Economía,2025-09-11T21:28:53.825959,diario,0.0
640,negocios,1,Economía,2025-09-11T21:28:53.831702,diario,0.0
641,cuatro,1,Economía,2025-09-11T21:28:53.836946,diario,0.0
570,pronuncia,2,Espectáculos,2025-09-11T21:28:52.960506,diario,0.0
642,cifras,1,Economía,2025-09-11T21:28:53.842403,diario,0.0
643,pasan,1,Economía,2025-09-11T21:28:53.848016,diario,0.0
644,antes,1,Economía,2025-09-11T21:28:53.852780,diario,0.0
645,años,1,Economía,2025-09-11T21:28:53.858350,diario,0.0
646,ascensos,1,Economía,2025-09-11T21:28:53.905607,diario,0.0
647,repunta,1,Economía,2025-09-11T21:28:53.911445,diario,0.0
648,gracias,1,Economía,2025-09-11T21:28:53.916754,diario,0.0
649,jornada,1,Economía,2025-09-11T21:28:53.922470,diario,0.0
650,inditex,1,Economía,2025-09-11T21:28:53.929348,diario,0.0
651,ibex,1,Economía,2025-09-11T21:28:53.942421,diario,0.0
652,aportantes,1,Economía,2025-09-11T21:28:53.998650,diario,0.0
653,impactará,1,Economía,2025-09-11T21:28:54.004917,diario,0.0
654,ocurrirá,1,Economía,2025-09-11T21:28:54.010034,diario,0.0
655,tenemos,1,Economía,2025-09-11T21:28:54.033806,diario,0.0
656,hablar,1,Economía,2025-09-11T21:28:54.039937,diario,0.0
657,descubierto,1,Mundo,2025-09-11T21:28:54.092583,diario,0.0
658,posibles,1,Mundo,2025-09-11T21:28:54.098371,diario,0.0
659,signos,1,Mundo,2025-09-11T21:28:54.103545,diario,0.0
660,pasado,1,Mundo,2025-09-11T21:28:54.109622,diario,0.0
661,marte,1,Mundo,2025-09-11T21:28:54.115379,diario,0.0
662,nasa,1,Mundo,2025-09-11T21:28:54.121859,diario,0.0
663,dice,1,Mundo,2025-09-11T21:28:54.127882,diario,0.0
664,vida,1,Mundo,2025-09-11T21:28:54.133504,diario,0.0
665,independencia,1,Mundo,2025-09-11T21:28:54.177482,diario,0.0
666,frentes,1,Mundo,2025-09-11T21:28:54.191566,diario,0.0
667,batalla,1,Mundo,2025-09-11T21:28:54.196998,diario,0.0
668,maduro,1,Mundo,2025-09-11T21:28:54.203289,diario,0.0
669,marcha,1,Mundo,2025-09-11T21:28:54.209580,diario,0.0
670,pone,1,Mundo,2025-09-11T21:28:54.215253,diario,0.0
671,plan,1,Mundo,2025-09-11T21:28:54.220209,diario,0.0
672,desafió,1,Mundo,2025-09-11T21:28:54.265680,diario,0.0
673,entrada,1,Mundo,2025-09-11T21:28:54.271019,diario,0.0
674,polonia,1,Mundo,2025-09-11T21:28:54.276245,diario,0.0
675,prueba,1,Mundo,2025-09-11T21:28:54.281730,diario,0.0
676,drones,1,Mundo,2025-09-11T21:28:54.286599,diario,0.0
677,putin,1,Mundo,2025-09-11T21:28:54.292253,diario,0.0
678,puede,1,Mundo,2025-09-11T21:28:54.297419,diario,0.0
679,pasar,1,Mundo,2025-09-11T21:28:54.302734,diario,0.0
680,universitaria,1,Mundo,2025-09-11T21:28:54.354215,diario,0.0
681,asesino,1,Mundo,2025-09-11T21:28:54.376587,diario,0.0
682,tiene,1,Mundo,2025-09-11T21:28:54.382254,diario,0.0
683,cree,1,Mundo,2025-09-11T21:28:54.393188,diario,0.0
684,edad,1,Mundo,2025-09-11T21:28:54.399884,diario,0.0
685,porespectáculosmaju,1,Espectáculos,2025-09-11T21:28:54.458755,diario,0.0
686,explota,1,Espectáculos,2025-09-11T21:28:54.467903,diario,0.0
687,mariana,1,Espectáculos,2025-09-11T21:28:54.486655,diario,0.0
689,ningún,1,Espectáculos,2025-09-11T21:28:54.505012,diario,0.0
690,juicio,1,Espectáculos,2025-09-11T21:28:54.510982,diario,0.0
688,contra,2,Espectáculos,2025-09-11T21:28:54.499128,diario,0.0
691,comprometimos,1,Espectáculos,2025-09-11T21:28:54.559140,diario,0.0
693,arremete,1,Espectáculos,2025-09-11T21:28:54.582645,diario,0.0
694,ninguno,1,Espectáculos,2025-09-11T21:28:54.600816,diario,0.0
695,hablar,1,Espectáculos,2025-09-11T21:28:54.610408,diario,0.0
577,infidelidad,3,Espectáculos,2025-09-11T21:28:53.017589,diario,0.0
692,productor,2,Espectáculos,2025-09-11T21:28:54.571354,diario,0.0
696,comprometedores,1,Espectáculos,2025-09-11T21:28:54.653048,diario,0.0
697,presunta,1,Espectáculos,2025-09-11T21:28:54.677894,diario,0.0
698,hablen,1,Espectáculos,2025-09-11T21:28:54.691558,diario,0.0
699,chats,1,Espectáculos,2025-09-11T21:28:54.695724,diario,0.0
700,ante,9,GENERAL,2025-09-11T21:28:54.800837,diario,0.9
701,sede,5,GENERAL,2025-09-11T21:28:54.875553,diario,0.5
702,¿cómo,5,GENERAL,2025-09-11T21:28:54.891298,diario,0.5
703,¿qué,4,GENERAL,2025-09-11T21:28:54.985774,diario,0.4
704,universitario,1,Deportes,2025-09-14T14:01:39.209758,diario,0.0
705,neutralizar,1,Deportes,2025-09-14T14:01:39.211654,diario,0.0
706,sorprender,1,Deportes,2025-09-14T14:01:39.213014,diario,0.0
707,partido,1,Deportes,2025-09-14T14:01:39.214574,diario,0.0
708,melgar,1,Deportes,2025-09-14T14:01:39.216151,diario,0.0
709,busca,1,Deportes,2025-09-14T14:01:39.217649,diario,0.0
710,histórico,1,Deportes,2025-09-14T14:01:39.419949,diario,0.0
711,memorable,1,Deportes,2025-09-14T14:01:39.421567,diario,0.0
712,sorpresa,1,Deportes,2025-09-14T14:01:39.423466,diario,0.0
713,portugal,1,Deportes,2025-09-14T14:01:39.425266,diario,0.0
714,emoción,1,Deportes,2025-09-14T14:01:39.426940,diario,0.0
715,triunfo,1,Deportes,2025-09-14T14:01:39.428272,diario,0.0
716,futuro,1,Deportes,2025-09-14T14:01:39.429522,diario,0.0
717,horna,1,Deportes,2025-09-14T14:01:39.430695,diario,0.0
718,yzaga,1,Deportes,2025-09-14T14:01:39.431888,diario,0.0
719,baño,1,Deportes,2025-09-14T14:01:39.433068,diario,0.0
720,transmiten,1,Deportes,2025-09-14T14:01:39.507553,diario,0.0
721,televisión,1,Deportes,2025-09-14T14:01:39.510034,diario,0.0
722,barcelona,1,Deportes,2025-09-14T14:01:39.511960,diario,0.0
723,valencia,1,Deportes,2025-09-14T14:01:39.515145,diario,0.0
724,abierta,1,Deportes,2025-09-14T14:01:39.517703,diario,0.0
725,canal,1,Deportes,2025-09-14T14:01:39.519530,diario,0.0
726,sostenibilidad,1,Economía,2025-09-14T14:01:39.614760,diario,0.0
727,preparación,1,Economía,2025-09-14T14:01:39.617212,diario,0.0
728,estándares,1,Economía,2025-09-14T14:01:39.620428,diario,0.0
729,advierten,1,Economía,2025-09-14T14:01:39.623899,diario,0.0
730,expertos,1,Economía,2025-09-14T14:01:39.627059,diario,0.0
731,empresas,1,Economía,2025-09-14T14:01:39.630078,diario,0.0
732,acelerar,1,Economía,2025-09-14T14:01:39.632382,diario,0.0
733,globales,1,Economía,2025-09-14T14:01:39.634797,diario,0.0
734,cumplir,1,Economía,2025-09-14T14:01:39.639310,diario,0.0
735,deben,1,Economía,2025-09-14T14:01:39.648106,diario,0.0
736,múltiple,1,Mundo,2025-09-14T14:01:39.881314,diario,0.0
737,muertos,1,Mundo,2025-09-14T14:01:39.883965,diario,0.0
738,yucatán,1,Mundo,2025-09-14T14:01:39.890594,diario,0.0
739,méxico,1,Mundo,2025-09-14T14:01:39.894952,diario,0.0
740,quince,1,Mundo,2025-09-14T14:01:39.897228,diario,0.0
741,choque,1,Mundo,2025-09-14T14:01:39.899582,diario,0.0
742,estado,1,Mundo,2025-09-14T14:01:39.903816,diario,0.0
743,menos,1,Mundo,2025-09-14T14:01:39.905961,diario,0.0
744,comercio,1,Mundo,2025-09-14T14:01:39.962977,diario,0.0
745,vaticano,1,Mundo,2025-09-14T14:01:39.965187,diario,0.0
746,recibe,1,Mundo,2025-09-14T14:01:39.967457,diario,0.0
747,papa,1,Mundo,2025-09-14T14:01:39.970342,diario,0.0
748,león,1,Mundo,2025-09-14T14:01:39.973426,diario,0.0
749,pordeportesjorge,1,Deportes,2025-09-14T14:01:40.029431,diario,0.0
750,contundente,1,Deportes,2025-09-14T14:01:40.031998,diario,0.0
751,perderse,1,Deportes,2025-09-14T14:01:40.035621,diario,0.0
752,partidos,1,Deportes,2025-09-14T14:01:40.038564,diario,0.0
753,fossati,1,Deportes,2025-09-14T14:01:40.040971,diario,0.0
754,valera,1,Deportes,2025-09-14T14:01:40.043154,diario,0.0
755,flores,1,Deportes,2025-09-14T14:01:40.044905,diario,0.0
756,están,1,Deportes,2025-09-14T14:01:40.047467,diario,0.0
757,perú,1,Deportes,2025-09-14T14:01:40.049555,diario,0.0
758,liverpool,1,Deportes,2025-09-14T14:01:40.115394,diario,0.0
759,campeón,1,Deportes,2025-09-14T14:01:40.117984,diario,0.0
760,premier,1,Deportes,2025-09-14T14:01:40.120249,diario,0.0
761,burnley,1,Deportes,2025-09-14T14:01:40.122323,diario,0.0
762,oliver,1,Deportes,2025-09-14T14:01:40.124229,diario,0.0
763,jugará,1,Deportes,2025-09-14T14:01:40.127376,diario,0.0
764,contra,1,Deportes,2025-09-14T14:01:40.129550,diario,0.0
765,league,1,Deportes,2025-09-14T14:01:40.132255,diario,0.0
766,sonne,1,Deportes,2025-09-14T14:01:40.134934,diario,0.0
767,cómo,1,Deportes,2025-09-14T14:01:40.138694,diario,0.0
768,persecución,1,Deportes,2025-09-14T14:01:40.201216,diario,0.0
769,comentarios,1,Deportes,2025-09-14T14:01:40.205123,diario,0.0
770,denuncia,1,Deportes,2025-09-14T14:01:40.207928,diario,0.0
771,personal,1,Deportes,2025-09-14T14:01:40.209740,diario,0.0
772,racistas,1,Deportes,2025-09-14T14:01:40.211459,diario,0.0
773,rodrigo,1,Deportes,2025-09-14T14:01:40.213078,diario,0.0
774,explotó,1,Deportes,2025-09-14T14:01:40.214843,diario,0.0
775,sanción,1,Deportes,2025-09-14T14:01:40.216613,diario,0.0
776,objeto,1,Deportes,2025-09-14T14:01:40.218723,diario,0.0
777,ureña,1,Deportes,2025-09-14T14:01:40.220348,diario,0.0
778,eliminatorias,1,Deportes,2025-09-14T14:01:40.283385,diario,0.0
779,selección,1,Deportes,2025-09-14T14:01:40.284864,diario,0.0
780,repechaje,1,Deportes,2025-09-14T14:01:40.286647,diario,0.0
781,volvería,1,Deportes,2025-09-14T14:01:40.288134,diario,0.0
782,ficharía,1,Deportes,2025-09-14T14:01:40.289953,diario,0.0
783,ricardo,1,Deportes,2025-09-14T14:01:40.291662,diario,0.0
784,gareca,1,Deportes,2025-09-14T14:01:40.293358,diario,0.0
785,quedó,1,Deportes,2025-09-14T14:01:40.294919,diario,0.0
786,fuera,1,Deportes,2025-09-14T14:01:40.296998,diario,0.0
787,porespectáculosgreissy,1,Espectáculos,2025-09-14T14:01:40.332126,diario,0.0
788,fallecer,1,Espectáculos,2025-09-14T14:01:40.334312,diario,0.0
789,hicieron,1,Espectáculos,2025-09-14T14:01:40.336492,diario,0.0
790,impacta,1,Espectáculos,2025-09-14T14:01:40.338695,diario,0.0
791,revelar,1,Espectáculos,2025-09-14T14:01:40.340460,diario,0.0
792,ortega,1,Espectáculos,2025-09-14T14:01:40.343360,diario,0.0
793,cuerpo,1,Espectáculos,2025-09-14T14:01:40.345261,diario,0.0
794,luego,1,Espectáculos,2025-09-14T14:01:40.347143,diario,0.0
795,pasó,1,Espectáculos,2025-09-14T14:01:40.348781,diario,0.0
796,bebé,1,Espectáculos,2025-09-14T14:01:40.350528,diario,0.0
797,alejandra,1,Espectáculos,2025-09-14T14:01:40.394749,diario,0.0
798,baigorria,1,Espectáculos,2025-09-14T14:01:40.399726,diario,0.0
799,presente,1,Espectáculos,2025-09-14T14:01:40.402963,diario,0.0
800,emotivo,1,Espectáculos,2025-09-14T14:01:40.406028,diario,0.0
801,momento,1,Espectáculos,2025-09-14T14:01:40.409179,diario,0.0
802,estuvo,1,Espectáculos,2025-09-14T14:01:40.412642,diario,0.0
803,creció,1,Espectáculos,2025-09-14T14:01:40.415410,diario,0.0
804,junto,1,Espectáculos,2025-09-14T14:01:40.418159,diario,0.0
805,palao,1,Espectáculos,2025-09-14T14:01:40.422353,diario,0.0
806,said,1,Espectáculos,2025-09-14T14:01:40.425893,diario,0.0
807,inesperado,1,Espectáculos,2025-09-14T14:01:40.512865,diario,0.0
808,importante,1,Espectáculos,2025-09-14T14:01:40.518126,diario,0.0
809,comparte,1,Espectáculos,2025-09-14T14:01:40.521834,diario,0.0
810,anunciar,1,Espectáculos,2025-09-14T14:01:40.525113,diario,0.0
811,perdido,1,Espectáculos,2025-09-14T14:01:40.528501,diario,0.0
812,cambio,1,Espectáculos,2025-09-14T14:01:40.532452,diario,0.0
813,mayra,1,Espectáculos,2025-09-14T14:01:40.536623,diario,0.0
814,couto,1,Espectáculos,2025-09-14T14:01:40.540908,diario,0.0
815,video,1,Espectáculos,2025-09-14T14:01:40.546856,diario,0.0
816,vida,1,Espectáculos,2025-09-14T14:01:40.551180,diario,0.0
